<?xml version="1.0" encoding="UTF-8" standalone="yes"?>
<addon id="Outlaw" name="[COLOR orange]Outlaw[/COLOR]" version="1.0" provider-name="123KingKong">
    <extension point="xbmc.addon.repository" name="[COLOR orange]Outlaw[/COLOR]">
        <dir>
            <info compressed="false">https://raw.githubusercontent.com/123KingKong/Outlaw/master/repo/zips/addons.xml</info>
            <checksum>https://raw.githubusercontent.com/123KingKong/Outlaw/master/repo/zips/addons.xml.md5</checksum>
            <datadir zip="true">https://raw.githubusercontent.com/123KingKong/Outlaw/master/repo/zips/</datadir>
        </dir>
    </extension>
    <extension point="xbmc.addon.metadata">
        <summary>Official Smokin8 Repo</summary>
        <description>Offical Smokin8 Repo</description>
        <disclaimer></disclaimer>
        <platform>all</platform>
        <assets>
            <icon>icon.png</icon>
            <fanart>fanart.jpg</fanart>
        </assets>
    </extension>
</addon>
